epoch,accuracy,loss,val_accuracy,val_loss
0,0.3103448152542114,1.12703537940979,0.25,1.1530293226242065
1,0.24137930572032928,1.130114197731018,0.25,1.1508139371871948
2,0.27586206793785095,1.123975157737732,0.1666666716337204,1.1496710777282715
3,0.17241379618644714,1.1348754167556763,0.3333333432674408,1.1489598751068115
4,0.22413793206214905,1.1242579221725464,0.3333333432674408,1.1481927633285522
5,0.32758620381355286,1.1058030128479004,0.3333333432674408,1.1468299627304077
6,0.3448275923728943,1.0910743474960327,0.3333333432674408,1.146429419517517
7,0.3448275923728943,1.1001439094543457,0.3333333432674408,1.1459897756576538
8,0.4137931168079376,1.0987292528152466,0.3333333432674408,1.1460541486740112
9,0.36206895112991333,1.080877661705017,0.3333333432674408,1.1461230516433716
10,0.4137931168079376,1.0894399881362915,0.3333333432674408,1.1460644006729126
11,0.2931034564971924,1.0960339307785034,0.3333333432674408,1.1464258432388306
12,0.3965517282485962,1.0728751420974731,0.3333333432674408,1.1470893621444702
13,0.32758620381355286,1.0766242742538452,0.3333333432674408,1.146933913230896
14,0.4655172526836395,1.0673927068710327,0.4166666567325592,1.1466856002807617
15,0.4482758641242981,1.0557464361190796,0.4166666567325592,1.1461879014968872
