label,pv_train,pv_validation,field_train,field_validation,field_test
0,538,92,66.0,17.0,10.0
1,522,99,0.0,0.0,0.0
2,235,40,77.0,19.0,10.0
3,1395,250,63.0,16.0,9.0
4,1286,216,84.0,21.0,11.0
5,867,185,0.0,0.0,0.0
6,723,131,38.0,9.0,10.0
7,427,86,49.0,12.0,4.0
8,1031,161,86.0,21.0,10.0
9,843,142,145.0,36.0,12.0
10,999,163,0.0,0.0,0.0
11,976,204,57.0,14.0,8.0
12,1188,195,0.0,0.0,0.0
13,912,164,0.0,0.0,0.0
14,361,62,50.0,13.0,12.0
15,4687,820,0.0,0.0,0.0
16,1956,341,0.0,0.0,0.0
17,294,66,83.0,20.0,9.0
18,829,168,59.0,15.0,9.0
19,1257,221,27.0,7.0,8.0
20,845,155,125.0,31.0,14.0
21,839,161,160.0,40.0,8.0
22,129,23,0.0,0.0,0.0
23,313,58,90.0,22.0,7.0
24,4336,754,46.0,11.0,8.0
25,1573,262,99.0,25.0,6.0
26,939,170,0.0,0.0,0.0
27,386,70,70.0,18.0,8.0
28,1808,319,81.0,20.0,9.0
29,860,140,63.0,16.0,9.0
30,1626,283,80.0,20.0,10.0
31,809,143,68.0,17.0,6.0
32,1534,237,114.0,29.0,12.0
33,1419,257,0.0,0.0,0.0
34,1185,219,0.0,0.0,0.0
35,4576,781,178.0,45.0,15.0
36,313,60,35.0,9.0,10.0
37,1344,247,35.0,9.0,8.0
