filename,reason
GAIHRLKP8_1860-1399-2372-1911.jpg,water exclusion
GAIHRLKP8_1860-1911-2372-2423.jpg,water exclusion
GAIHRLKP8_1870-4486-2382-4998.jpg,water exclusion
GAIHRLKP8_2372-1911-2884-2423.jpg,water exclusion
GAIHRLKP8_2884-1911-3396-2423.jpg,water exclusion
GAIHRLKP8_2884-2423-3396-2935.jpg,water exclusion
UYZDK3QBP_1337-4135-1849-4647.jpg,water exclusion
UYZDK3QBP_1337-4647-1849-5159.jpg,water exclusion
UYZDK3QBP_1849-4135-2361-4647.jpg,water exclusion
UYZDK3QBP_2361-3623-2873-4135.jpg,water exclusion
UYZDK3QBP_2361-4135-2873-4647.jpg,water exclusion
UYZDK3QBP_3102-3402-3614-3914.jpg,water exclusion
UYZDK3QBP_313-4647-825-5159.jpg,water exclusion
UYZDK3QBP_313-5159-825-5671.jpg,water exclusion
UYZDK3QBP_3243-3624-3755-4136.jpg,water exclusion
UYZDK3QBP_3297-4595-3809-5107.jpg,water exclusion
UYZDK3QBP_3614-2378-4126-2890.jpg,water exclusion
UYZDK3QBP_3614-2890-4126-3402.jpg,water exclusion
UYZDK3QBP_3614-3402-4126-3914.jpg,water exclusion
UYZDK3QBP_3695-1289-4207-1801.jpg,water exclusion
UYZDK3QBP_3695-1801-4207-2313.jpg,water exclusion
UYZDK3QBP_3755-3624-4267-4136.jpg,water exclusion
UYZDK3QBP_4126-3402-4638-3914.jpg,water exclusion
UYZDK3QBP_825-4647-1337-5159.jpg,water exclusion
UYZDK3QBP_825-5159-1337-5671.jpg,water exclusion
WR3ZAYAIW_1352-2869-1864-3381.jpg,water exclusion
WR3ZAYAIW_2420-2218-2932-2730.jpg,water exclusion
WR3ZAYAIW_2420-2730-2932-3242.jpg,water exclusion
WR3ZAYAIW_2932-2218-3444-2730.jpg,water exclusion
WR3ZAYAIW_2932-2730-3444-3242.jpg,water exclusion
WR3ZAYAIW_3006-515-3518-1027.jpg,water exclusion
WR3ZAYAIW_3518-515-4030-1027.jpg,water exclusion
WR3ZAYAIW_476-1046-988-1558.jpg,water exclusion
WR3ZAYAIW_476-534-988-1046.jpg,water exclusion
WR3ZAYAIW_9213-1818-9725-2330.jpg,water exclusion
WR3ZAYAIW_988-1046-1500-1558.jpg,water exclusion
WR3ZAYAIW_988-534-1500-1046.jpg,water exclusion
